{"viridis":["#440154","#481567","#482677","#453781","#404788","#39568C","#33638D","#2D708E","#287D8E","#238A8D","#1F968B","#20A387","#29AF7F","#3CBB75","#55C667","#73D055","#95D840","#B8DE29","#DCE319","#FDE725"],"plasma":["#0D0887","#2C0594","#43039E","#5901A5","#6E00A8","#8305A7","#9511A1","#A72197","#B6308B","#C5407E","#D14E72","#DD5E66","#E76E5B","#F07F4F","#F79044","#FCA338","#FEB72D","#FCCD25","#F7E225","#F0F921"],"inferno":["#000004","#08051D","#180C3C","#2F0A5B","#450A69","#5C126E","#71196E","#87216B","#9B2964","#B1325A","#C43C4E","#D74B3F","#E55C30","#F1711F","#F8870E","#FCA108","#FBBA1F","#F6D543","#F1ED71","#FCFFA4"],"magma":["#000004","#07061C","#150E38","#29115A","#3F0F72","#56147D","#6A1C81","#802582","#942C80","#AB337C","#C03A76","#D6456C","#E85362","#F4695C","#FA815F","#FD9B6B","#FEB47B","#FECD90","#FDE5A7","#FCFDBF"],"Pastel1_03":["#fbb4ae","#b3cde3","#ccebc5"],"Pastel1_05":["#fbb4ae","#b3cde3","#ccebc5","#decbe4","#fed9a6"],"Pastel1_04":["#fbb4ae","#b3cde3","#ccebc5","#decbe4"],"Pastel1_07":["#fbb4ae","#b3cde3","#ccebc5","#decbe4","#fed9a6","#ffffcc","#e5d8bd"],"YlOrRd_04":["#ffffb2","#fecc5c","#fd8d3c","#e31a1c"],"Pastel1_09":["#fbb4ae","#b3cde3","#ccebc5","#decbe4","#fed9a6","#ffffcc","#e5d8bd","#fddaec","#f2f2f2"],"Pastel1_08":["#fbb4ae","#b3cde3","#ccebc5","#decbe4","#fed9a6","#ffffcc","#e5d8bd","#fddaec"],"Spectral_07":["#d53e4f","#fc8d59","#fee08b","#ffffbf","#e6f598","#99d594","#3288bd"],"RdYlBu_05":["#d7191c","#fdae61","#ffffbf","#abd9e9","#2c7bb6"],"PuBuGn_03":["#ece2f0","#a6bddb","#1c9099"],"Set1_08":["#e41a1c","#377eb8","#4daf4a","#984ea3","#ff7f00","#ffff33","#a65628","#f781bf"],"PuBuGn_05":["#f6eff7","#bdc9e1","#67a9cf","#1c9099","#016c59"],"PuBuGn_04":["#f6eff7","#bdc9e1","#67a9cf","#02818a"],"PuBuGn_07":["#f6eff7","#d0d1e6","#a6bddb","#67a9cf","#3690c0","#02818a","#016450"],"PuBuGn_06":["#f6eff7","#d0d1e6","#a6bddb","#67a9cf","#1c9099","#016c59"],"PuBuGn_09":["#fff7fb","#ece2f0","#d0d1e6","#a6bddb","#67a9cf","#3690c0","#02818a","#016c59","#014636"],"PuBuGn_08":["#fff7fb","#ece2f0","#d0d1e6","#a6bddb","#67a9cf","#3690c0","#02818a","#016450"],"YlOrBr_04":["#ffffd4","#fed98e","#fe9929","#cc4c02"],"YlOrBr_05":["#ffffd4","#fed98e","#fe9929","#d95f0e","#993404"],"Set1_07":["#e41a1c","#377eb8","#4daf4a","#984ea3","#ff7f00","#ffff33","#a65628"],"YlOrBr_03":["#fff7bc","#fec44f","#d95f0e"],"Set1_05":["#e41a1c","#377eb8","#4daf4a","#984ea3","#ff7f00"],"YlOrRd_03":["#ffeda0","#feb24c","#f03b20"],"PuOr_06":["#b35806","#f1a340","#fee0b6","#d8daeb","#998ec3","#542788"],"PuOr_07":["#b35806","#f1a340","#fee0b6","#f7f7f7","#d8daeb","#998ec3","#542788"],"PuOr_04":["#e66101","#fdb863","#b2abd2","#5e3c99"],"PuOr_05":["#e66101","#fdb863","#f7f7f7","#b2abd2","#5e3c99"],"PuOr_03":["#f1a340","#f7f7f7","#998ec3"],"Purples_09":["#fcfbfd","#efedf5","#dadaeb","#bcbddc","#9e9ac8","#807dba","#6a51a3","#54278f","#3f007d"],"Set2_06":["#66c2a5","#fc8d62","#8da0cb","#e78ac3","#a6d854","#ffd92f"],"RdYlBu_11":["#a50026","#d73027","#f46d43","#fdae61","#fee090","#ffffbf","#e0f3f8","#abd9e9","#74add1","#4575b4","#313695"],"PuOr_08":["#b35806","#e08214","#fdb863","#fee0b6","#d8daeb","#b2abd2","#8073ac","#542788"],"PuOr_09":["#b35806","#e08214","#fdb863","#fee0b6","#f7f7f7","#d8daeb","#b2abd2","#8073ac","#542788"],"Paired_03":["#a6cee3","#1f78b4","#b2df8a"],"RdBu_03":["#ef8a62","#f7f7f7","#67a9cf"],"RdYlBu_10":["#a50026","#d73027","#f46d43","#fdae61","#fee090","#e0f3f8","#abd9e9","#74add1","#4575b4","#313695"],"Paired_07":["#a6cee3","#1f78b4","#b2df8a","#33a02c","#fb9a99","#e31a1c","#fdbf6f"],"Paired_06":["#a6cee3","#1f78b4","#b2df8a","#33a02c","#fb9a99","#e31a1c"],"Paired_05":["#a6cee3","#1f78b4","#b2df8a","#33a02c","#fb9a99"],"Paired_04":["#a6cee3","#1f78b4","#b2df8a","#33a02c"],"Paired_09":["#a6cee3","#1f78b4","#b2df8a","#33a02c","#fb9a99","#e31a1c","#fdbf6f","#ff7f00","#cab2d6"],"Paired_08":["#a6cee3","#1f78b4","#b2df8a","#33a02c","#fb9a99","#e31a1c","#fdbf6f","#ff7f00"],"RdGy_03":["#ef8a62","#ffffff","#999999"],"PiYG_04":["#d01c8b","#f1b6da","#b8e186","#4dac26"],"Accent_03":["#7fc97f","#beaed4","#fdc086"],"BuGn_08":["#f7fcfd","#e5f5f9","#ccece6","#99d8c9","#66c2a4","#41ae76","#238b45","#005824"],"BuGn_09":["#f7fcfd","#e5f5f9","#ccece6","#99d8c9","#66c2a4","#41ae76","#238b45","#006d2c","#00441b"],"BuGn_04":["#edf8fb","#b2e2e2","#66c2a4","#238b45"],"BuGn_05":["#edf8fb","#b2e2e2","#66c2a4","#2ca25f","#006d2c"],"BuGn_06":["#edf8fb","#ccece6","#99d8c9","#66c2a4","#2ca25f","#006d2c"],"BuGn_07":["#edf8fb","#ccece6","#99d8c9","#66c2a4","#41ae76","#238b45","#005824"],"BuGn_03":["#e5f5f9","#99d8c9","#2ca25f"],"YlGnBu_07":["#ffffcc","#c7e9b4","#7fcdbb","#41b6c4","#1d91c0","#225ea8","#0c2c84"],"YlGnBu_06":["#ffffcc","#c7e9b4","#7fcdbb","#41b6c4","#2c7fb8","#253494"],"YlGnBu_05":["#ffffcc","#a1dab4","#41b6c4","#2c7fb8","#253494"],"YlGnBu_04":["#ffffcc","#a1dab4","#41b6c4","#225ea8"],"YlGnBu_03":["#edf8b1","#7fcdbb","#2c7fb8"],"RdBu_06":["#b2182b","#ef8a62","#fddbc7","#d1e5f0","#67a9cf","#2166ac"],"RdBu_05":["#ca0020","#f4a582","#f7f7f7","#92c5de","#0571b0"],"RdBu_04":["#ca0020","#f4a582","#92c5de","#0571b0"],"Accent_08":["#7fc97f","#beaed4","#fdc086","#ffff99","#386cb0","#f0027f","#bf5b17","#666666"],"RdBu_09":["#b2182b","#d6604d","#f4a582","#fddbc7","#f7f7f7","#d1e5f0","#92c5de","#4393c3","#2166ac"],"RdBu_08":["#b2182b","#d6604d","#f4a582","#fddbc7","#d1e5f0","#92c5de","#4393c3","#2166ac"],"Set2_04":["#66c2a5","#fc8d62","#8da0cb","#e78ac3"],"YlGnBu_09":["#ffffd9","#edf8b1","#c7e9b4","#7fcdbb","#41b6c4","#1d91c0","#225ea8","#253494","#081d58"],"YlGnBu_08":["#ffffd9","#edf8b1","#c7e9b4","#7fcdbb","#41b6c4","#1d91c0","#225ea8","#0c2c84"],"Blues_08":["#f7fbff","#deebf7","#c6dbef","#9ecae1","#6baed6","#4292c6","#2171b5","#084594"],"Blues_09":["#f7fbff","#deebf7","#c6dbef","#9ecae1","#6baed6","#4292c6","#2171b5","#08519c","#08306b"],"RdPu_09":["#fff7f3","#fde0dd","#fcc5c0","#fa9fb5","#f768a1","#dd3497","#ae017e","#7a0177","#49006a"],"RdPu_08":["#fff7f3","#fde0dd","#fcc5c0","#fa9fb5","#f768a1","#dd3497","#ae017e","#7a0177"],"Set3_07":["#8dd3c7","#ffffb3","#bebada","#fb8072","#80b1d3","#fdb462","#b3de69"],"Set3_06":["#8dd3c7","#ffffb3","#bebada","#fb8072","#80b1d3","#fdb462"],"RdPu_05":["#feebe2","#fbb4b9","#f768a1","#c51b8a","#7a0177"],"RdPu_04":["#feebe2","#fbb4b9","#f768a1","#ae017e"],"RdPu_07":["#feebe2","#fcc5c0","#fa9fb5","#f768a1","#dd3497","#ae017e","#7a0177"],"RdPu_06":["#feebe2","#fcc5c0","#fa9fb5","#f768a1","#c51b8a","#7a0177"],"Blues_06":["#eff3ff","#c6dbef","#9ecae1","#6baed6","#3182bd","#08519c"],"Blues_07":["#eff3ff","#c6dbef","#9ecae1","#6baed6","#4292c6","#2171b5","#084594"],"RdPu_03":["#fde0dd","#fa9fb5","#c51b8a"],"Blues_05":["#eff3ff","#bdd7e7","#6baed6","#3182bd","#08519c"],"Paired_10":["#a6cee3","#1f78b4","#b2df8a","#33a02c","#fb9a99","#e31a1c","#fdbf6f","#ff7f00","#cab2d6","#6a3d9a"],"Paired_11":["#a6cee3","#1f78b4","#b2df8a","#33a02c","#fb9a99","#e31a1c","#fdbf6f","#ff7f00","#cab2d6","#6a3d9a","#ffff99"],"Paired_12":["#a6cee3","#1f78b4","#b2df8a","#33a02c","#fb9a99","#e31a1c","#fdbf6f","#ff7f00","#cab2d6","#6a3d9a","#ffff99","#b15928"],"PuBu_06":["#f1eef6","#d0d1e6","#a6bddb","#74a9cf","#2b8cbe","#045a8d"],"PuBu_07":["#f1eef6","#d0d1e6","#a6bddb","#74a9cf","#3690c0","#0570b0","#034e7b"],"PuBu_04":["#f1eef6","#bdc9e1","#74a9cf","#0570b0"],"PuBu_05":["#f1eef6","#bdc9e1","#74a9cf","#2b8cbe","#045a8d"],"PuRd_05":["#f1eef6","#d7b5d8","#df65b0","#dd1c77","#980043"],"PuBu_03":["#ece7f2","#a6bddb","#2b8cbe"],"PuRd_07":["#f1eef6","#d4b9da","#c994c7","#df65b0","#e7298a","#ce1256","#91003f"],"PuRd_06":["#f1eef6","#d4b9da","#c994c7","#df65b0","#dd1c77","#980043"],"PuRd_09":["#f7f4f9","#e7e1ef","#d4b9da","#c994c7","#df65b0","#e7298a","#ce1256","#980043","#67001f"],"PuRd_08":["#f7f4f9","#e7e1ef","#d4b9da","#c994c7","#df65b0","#e7298a","#ce1256","#91003f"],"Set2_07":["#66c2a5","#fc8d62","#8da0cb","#e78ac3","#a6d854","#ffd92f","#e5c494"],"PuBu_08":["#fff7fb","#ece7f2","#d0d1e6","#a6bddb","#74a9cf","#3690c0","#0570b0","#034e7b"],"PuBu_09":["#fff7fb","#ece7f2","#d0d1e6","#a6bddb","#74a9cf","#3690c0","#0570b0","#045a8d","#023858"],"RdBu_10":["#67001f","#b2182b","#d6604d","#f4a582","#fddbc7","#d1e5f0","#92c5de","#4393c3","#2166ac","#053061"],"RdBu_11":["#67001f","#b2182b","#d6604d","#f4a582","#fddbc7","#f7f7f7","#d1e5f0","#92c5de","#4393c3","#2166ac","#053061"],"Accent_06":["#7fc97f","#beaed4","#fdc086","#ffff99","#386cb0","#f0027f"],"Set3_03":["#8dd3c7","#ffffb3","#bebada"],"Set3_05":["#8dd3c7","#ffffb3","#bebada","#fb8072","#80b1d3"],"Set3_12":["#8dd3c7","#ffffb3","#bebada","#fb8072","#80b1d3","#fdb462","#b3de69","#fccde5","#d9d9d9","#bc80bd","#ccebc5","#ffed6f"],"Set3_10":["#8dd3c7","#ffffb3","#bebada","#fb8072","#80b1d3","#fdb462","#b3de69","#fccde5","#d9d9d9","#bc80bd"],"Set3_04":["#8dd3c7","#ffffb3","#bebada","#fb8072"],"RdGy_11":["#67001f","#b2182b","#d6604d","#f4a582","#fddbc7","#ffffff","#e0e0e0","#bababa","#878787","#4d4d4d","#1a1a1a"],"RdGy_10":["#67001f","#b2182b","#d6604d","#f4a582","#fddbc7","#e0e0e0","#bababa","#878787","#4d4d4d","#1a1a1a"],"Set1_03":["#e41a1c","#377eb8","#4daf4a"],"Set1_09":["#e41a1c","#377eb8","#4daf4a","#984ea3","#ff7f00","#ffff33","#a65628","#f781bf","#999999"],"Set3_09":["#8dd3c7","#ffffb3","#bebada","#fb8072","#80b1d3","#fdb462","#b3de69","#fccde5","#d9d9d9"],"BuPu_08":["#f7fcfd","#e0ecf4","#bfd3e6","#9ebcda","#8c96c6","#8c6bb1","#88419d","#6e016b"],"BuPu_09":["#f7fcfd","#e0ecf4","#bfd3e6","#9ebcda","#8c96c6","#8c6bb1","#88419d","#810f7c","#4d004b"],"RdYlGn_11":["#a50026","#d73027","#f46d43","#fdae61","#fee08b","#ffffbf","#d9ef8b","#a6d96a","#66bd63","#1a9850","#006837"],"Blues_03":["#deebf7","#9ecae1","#3182bd"],"Set2_05":["#66c2a5","#fc8d62","#8da0cb","#e78ac3","#a6d854"],"BuPu_03":["#e0ecf4","#9ebcda","#8856a7"],"BuPu_06":["#edf8fb","#bfd3e6","#9ebcda","#8c96c6","#8856a7","#810f7c"],"BuPu_07":["#edf8fb","#bfd3e6","#9ebcda","#8c96c6","#8c6bb1","#88419d","#6e016b"],"BuPu_04":["#edf8fb","#b3cde3","#8c96c6","#88419d"],"BuPu_05":["#edf8fb","#b3cde3","#8c96c6","#8856a7","#810f7c"],"Accent_04":["#7fc97f","#beaed4","#fdc086","#ffff99"],"YlOrRd_05":["#ffffb2","#fecc5c","#fd8d3c","#f03b20","#bd0026"],"YlOrBr_08":["#ffffe5","#fff7bc","#fee391","#fec44f","#fe9929","#ec7014","#cc4c02","#8c2d04"],"Oranges_08":["#fff5eb","#fee6ce","#fdd0a2","#fdae6b","#fd8d3c","#f16913","#d94801","#8c2d04"],"Oranges_09":["#fff5eb","#fee6ce","#fdd0a2","#fdae6b","#fd8d3c","#f16913","#d94801","#a63603","#7f2704"],"Oranges_06":["#feedde","#fdd0a2","#fdae6b","#fd8d3c","#e6550d","#a63603"],"Oranges_07":["#feedde","#fdd0a2","#fdae6b","#fd8d3c","#f16913","#d94801","#8c2d04"],"Oranges_04":["#feedde","#fdbe85","#fd8d3c","#d94701"],"YlOrBr_09":["#ffffe5","#fff7bc","#fee391","#fec44f","#fe9929","#ec7014","#cc4c02","#993404","#662506"],"Oranges_03":["#fee6ce","#fdae6b","#e6550d"],"YlOrBr_06":["#ffffd4","#fee391","#fec44f","#fe9929","#d95f0e","#993404"],"Dark2_06":["#1b9e77","#d95f02","#7570b3","#e7298a","#66a61e","#e6ab02"],"Blues_04":["#eff3ff","#bdd7e7","#6baed6","#2171b5"],"YlOrBr_07":["#ffffd4","#fee391","#fec44f","#fe9929","#ec7014","#cc4c02","#8c2d04"],"RdYlGn_05":["#d7191c","#fdae61","#ffffbf","#a6d96a","#1a9641"],"Set3_08":["#8dd3c7","#ffffb3","#bebada","#fb8072","#80b1d3","#fdb462","#b3de69","#fccde5"],"YlOrRd_06":["#ffffb2","#fed976","#feb24c","#fd8d3c","#f03b20","#bd0026"],"Dark2_03":["#1b9e77","#d95f02","#7570b3"],"Accent_05":["#7fc97f","#beaed4","#fdc086","#ffff99","#386cb0"],"RdYlGn_08":["#d73027","#f46d43","#fdae61","#fee08b","#d9ef8b","#a6d96a","#66bd63","#1a9850"],"RdYlGn_09":["#d73027","#f46d43","#fdae61","#fee08b","#ffffbf","#d9ef8b","#a6d96a","#66bd63","#1a9850"],"PuOr_11":["#7f3b08","#b35806","#e08214","#fdb863","#fee0b6","#f7f7f7","#d8daeb","#b2abd2","#8073ac","#542788","#2d004b"],"YlOrRd_07":["#ffffb2","#fed976","#feb24c","#fd8d3c","#fc4e2a","#e31a1c","#b10026"],"Spectral_11":["#9e0142","#d53e4f","#f46d43","#fdae61","#fee08b","#ffffbf","#e6f598","#abdda4","#66c2a5","#3288bd","#5e4fa2"],"RdGy_08":["#b2182b","#d6604d","#f4a582","#fddbc7","#e0e0e0","#bababa","#878787","#4d4d4d"],"RdGy_09":["#b2182b","#d6604d","#f4a582","#fddbc7","#ffffff","#e0e0e0","#bababa","#878787","#4d4d4d"],"RdGy_06":["#b2182b","#ef8a62","#fddbc7","#e0e0e0","#999999","#4d4d4d"],"RdGy_07":["#b2182b","#ef8a62","#fddbc7","#ffffff","#e0e0e0","#999999","#4d4d4d"],"RdGy_04":["#ca0020","#f4a582","#bababa","#404040"],"RdGy_05":["#ca0020","#f4a582","#ffffff","#bababa","#404040"],"RdYlGn_04":["#d7191c","#fdae61","#a6d96a","#1a9641"],"PiYG_09":["#c51b7d","#de77ae","#f1b6da","#fde0ef","#f7f7f7","#e6f5d0","#b8e186","#7fbc41","#4d9221"],"RdYlGn_06":["#d73027","#fc8d59","#fee08b","#d9ef8b","#91cf60","#1a9850"],"RdYlGn_07":["#d73027","#fc8d59","#fee08b","#ffffbf","#d9ef8b","#91cf60","#1a9850"],"Spectral_04":["#d7191c","#fdae61","#abdda4","#2b83ba"],"Spectral_05":["#d7191c","#fdae61","#ffffbf","#abdda4","#2b83ba"],"Spectral_06":["#d53e4f","#fc8d59","#fee08b","#e6f598","#99d594","#3288bd"],"PiYG_08":["#c51b7d","#de77ae","#f1b6da","#fde0ef","#e6f5d0","#b8e186","#7fbc41","#4d9221"],"Set2_03":["#66c2a5","#fc8d62","#8da0cb"],"Spectral_03":["#fc8d59","#ffffbf","#99d594"],"Reds_08":["#fff5f0","#fee0d2","#fcbba1","#fc9272","#fb6a4a","#ef3b2c","#cb181d","#99000d"],"Set1_04":["#e41a1c","#377eb8","#4daf4a","#984ea3"],"Spectral_08":["#d53e4f","#f46d43","#fdae61","#fee08b","#e6f598","#abdda4","#66c2a5","#3288bd"],"Spectral_09":["#d53e4f","#f46d43","#fdae61","#fee08b","#ffffbf","#e6f598","#abdda4","#66c2a5","#3288bd"],"Set2_08":["#66c2a5","#fc8d62","#8da0cb","#e78ac3","#a6d854","#ffd92f","#e5c494","#b3b3b3"],"Reds_09":["#fff5f0","#fee0d2","#fcbba1","#fc9272","#fb6a4a","#ef3b2c","#cb181d","#a50f15","#67000d"],"Greys_07":["#f7f7f7","#d9d9d9","#bdbdbd","#969696","#737373","#525252","#252525"],"Greys_06":["#f7f7f7","#d9d9d9","#bdbdbd","#969696","#636363","#252525"],"Greys_05":["#f7f7f7","#cccccc","#969696","#636363","#252525"],"Greys_04":["#f7f7f7","#cccccc","#969696","#525252"],"Greys_03":["#f0f0f0","#bdbdbd","#636363"],"PuOr_10":["#7f3b08","#b35806","#e08214","#fdb863","#fee0b6","#d8daeb","#b2abd2","#8073ac","#542788","#2d004b"],"Accent_07":["#7fc97f","#beaed4","#fdc086","#ffff99","#386cb0","#f0027f","#bf5b17"],"Reds_06":["#fee5d9","#fcbba1","#fc9272","#fb6a4a","#de2d26","#a50f15"],"Greys_09":["#ffffff","#f0f0f0","#d9d9d9","#bdbdbd","#969696","#737373","#525252","#252525","#000000"],"Greys_08":["#ffffff","#f0f0f0","#d9d9d9","#bdbdbd","#969696","#737373","#525252","#252525"],"Reds_07":["#fee5d9","#fcbba1","#fc9272","#fb6a4a","#ef3b2c","#cb181d","#99000d"],"RdYlBu_08":["#d73027","#f46d43","#fdae61","#fee090","#e0f3f8","#abd9e9","#74add1","#4575b4"],"RdYlBu_09":["#d73027","#f46d43","#fdae61","#fee090","#ffffbf","#e0f3f8","#abd9e9","#74add1","#4575b4"],"BrBG_09":["#8c510a","#bf812d","#dfc27d","#f6e8c3","#f5f5f5","#c7eae5","#80cdc1","#35978f","#01665e"],"BrBG_08":["#8c510a","#bf812d","#dfc27d","#f6e8c3","#c7eae5","#80cdc1","#35978f","#01665e"],"BrBG_07":["#8c510a","#d8b365","#f6e8c3","#f5f5f5","#c7eae5","#5ab4ac","#01665e"],"BrBG_06":["#8c510a","#d8b365","#f6e8c3","#c7eae5","#5ab4ac","#01665e"],"BrBG_05":["#a6611a","#dfc27d","#f5f5f5","#80cdc1","#018571"],"BrBG_04":["#a6611a","#dfc27d","#80cdc1","#018571"],"BrBG_03":["#d8b365","#f5f5f5","#5ab4ac"],"PiYG_06":["#c51b7d","#e9a3c9","#fde0ef","#e6f5d0","#a1d76a","#4d9221"],"Reds_03":["#fee0d2","#fc9272","#de2d26"],"Set3_11":["#8dd3c7","#ffffb3","#bebada","#fb8072","#80b1d3","#fdb462","#b3de69","#fccde5","#d9d9d9","#bc80bd","#ccebc5"],"Set1_06":["#e41a1c","#377eb8","#4daf4a","#984ea3","#ff7f00","#ffff33"],"PuRd_03":["#e7e1ef","#c994c7","#dd1c77"],"PiYG_07":["#c51b7d","#e9a3c9","#fde0ef","#f7f7f7","#e6f5d0","#a1d76a","#4d9221"],"RdBu_07":["#b2182b","#ef8a62","#fddbc7","#f7f7f7","#d1e5f0","#67a9cf","#2166ac"],"Pastel1_06":["#fbb4ae","#b3cde3","#ccebc5","#decbe4","#fed9a6","#ffffcc"],"Spectral_10":["#9e0142","#d53e4f","#f46d43","#fdae61","#fee08b","#e6f598","#abdda4","#66c2a5","#3288bd","#5e4fa2"],"PuRd_04":["#f1eef6","#d7b5d8","#df65b0","#ce1256"],"OrRd_03":["#fee8c8","#fdbb84","#e34a33"],"PiYG_03":["#e9a3c9","#f7f7f7","#a1d76a"],"Oranges_05":["#feedde","#fdbe85","#fd8d3c","#e6550d","#a63603"],"OrRd_07":["#fef0d9","#fdd49e","#fdbb84","#fc8d59","#ef6548","#d7301f","#990000"],"OrRd_06":["#fef0d9","#fdd49e","#fdbb84","#fc8d59","#e34a33","#b30000"],"OrRd_05":["#fef0d9","#fdcc8a","#fc8d59","#e34a33","#b30000"],"OrRd_04":["#fef0d9","#fdcc8a","#fc8d59","#d7301f"],"Reds_04":["#fee5d9","#fcae91","#fb6a4a","#cb181d"],"Reds_05":["#fee5d9","#fcae91","#fb6a4a","#de2d26","#a50f15"],"OrRd_09":["#fff7ec","#fee8c8","#fdd49e","#fdbb84","#fc8d59","#ef6548","#d7301f","#b30000","#7f0000"],"OrRd_08":["#fff7ec","#fee8c8","#fdd49e","#fdbb84","#fc8d59","#ef6548","#d7301f","#990000"],"BrBG_10":["#543005","#8c510a","#bf812d","#dfc27d","#f6e8c3","#c7eae5","#80cdc1","#35978f","#01665e","#003c30"],"BrBG_11":["#543005","#8c510a","#bf812d","#dfc27d","#f6e8c3","#f5f5f5","#c7eae5","#80cdc1","#35978f","#01665e","#003c30"],"PiYG_05":["#d01c8b","#f1b6da","#f7f7f7","#b8e186","#4dac26"],"YlOrRd_08":["#ffffcc","#ffeda0","#fed976","#feb24c","#fd8d3c","#fc4e2a","#e31a1c","#b10026"],"GnBu_04":["#f0f9e8","#bae4bc","#7bccc4","#2b8cbe"],"GnBu_05":["#f0f9e8","#bae4bc","#7bccc4","#43a2ca","#0868ac"],"GnBu_06":["#f0f9e8","#ccebc5","#a8ddb5","#7bccc4","#43a2ca","#0868ac"],"GnBu_07":["#f0f9e8","#ccebc5","#a8ddb5","#7bccc4","#4eb3d3","#2b8cbe","#08589e"],"Purples_08":["#fcfbfd","#efedf5","#dadaeb","#bcbddc","#9e9ac8","#807dba","#6a51a3","#4a1486"],"GnBu_03":["#e0f3db","#a8ddb5","#43a2ca"],"Purples_06":["#f2f0f7","#dadaeb","#bcbddc","#9e9ac8","#756bb1","#54278f"],"Purples_07":["#f2f0f7","#dadaeb","#bcbddc","#9e9ac8","#807dba","#6a51a3","#4a1486"],"Purples_04":["#f2f0f7","#cbc9e2","#9e9ac8","#6a51a3"],"Purples_05":["#f2f0f7","#cbc9e2","#9e9ac8","#756bb1","#54278f"],"GnBu_08":["#f7fcf0","#e0f3db","#ccebc5","#a8ddb5","#7bccc4","#4eb3d3","#2b8cbe","#08589e"],"GnBu_09":["#f7fcf0","#e0f3db","#ccebc5","#a8ddb5","#7bccc4","#4eb3d3","#2b8cbe","#0868ac","#084081"],"YlOrRd_09":["#ffffcc","#ffeda0","#fed976","#feb24c","#fd8d3c","#fc4e2a","#e31a1c","#bd0026","#800026"],"Purples_03":["#efedf5","#bcbddc","#756bb1"],"RdYlBu_04":["#d7191c","#fdae61","#abd9e9","#2c7bb6"],"PRGn_09":["#762a83","#9970ab","#c2a5cf","#e7d4e8","#f7f7f7","#d9f0d3","#a6dba0","#5aae61","#1b7837"],"PRGn_08":["#762a83","#9970ab","#c2a5cf","#e7d4e8","#d9f0d3","#a6dba0","#5aae61","#1b7837"],"PRGn_07":["#762a83","#af8dc3","#e7d4e8","#f7f7f7","#d9f0d3","#7fbf7b","#1b7837"],"PRGn_06":["#762a83","#af8dc3","#e7d4e8","#d9f0d3","#7fbf7b","#1b7837"],"PRGn_05":["#7b3294","#c2a5cf","#f7f7f7","#a6dba0","#008837"],"PRGn_04":["#7b3294","#c2a5cf","#a6dba0","#008837"],"PRGn_03":["#af8dc3","#f7f7f7","#7fbf7b"],"RdYlBu_06":["#d73027","#fc8d59","#fee090","#e0f3f8","#91bfdb","#4575b4"],"RdYlGn_10":["#a50026","#d73027","#f46d43","#fdae61","#fee08b","#d9ef8b","#a6d96a","#66bd63","#1a9850","#006837"],"YlGn_08":["#ffffe5","#f7fcb9","#d9f0a3","#addd8e","#78c679","#41ab5d","#238443","#005a32"],"YlGn_09":["#ffffe5","#f7fcb9","#d9f0a3","#addd8e","#78c679","#41ab5d","#238443","#006837","#004529"],"RdYlBu_07":["#d73027","#fc8d59","#fee090","#ffffbf","#e0f3f8","#91bfdb","#4575b4"],"PiYG_10":["#8e0152","#c51b7d","#de77ae","#f1b6da","#fde0ef","#e6f5d0","#b8e186","#7fbc41","#4d9221","#276419"],"PiYG_11":["#8e0152","#c51b7d","#de77ae","#f1b6da","#fde0ef","#f7f7f7","#e6f5d0","#b8e186","#7fbc41","#4d9221","#276419"],"YlGn_03":["#f7fcb9","#addd8e","#31a354"],"YlGn_04":["#ffffcc","#c2e699","#78c679","#238443"],"YlGn_05":["#ffffcc","#c2e699","#78c679","#31a354","#006837"],"YlGn_06":["#ffffcc","#d9f0a3","#addd8e","#78c679","#31a354","#006837"],"YlGn_07":["#ffffcc","#d9f0a3","#addd8e","#78c679","#41ab5d","#238443","#005a32"],"Dark2_05":["#1b9e77","#d95f02","#7570b3","#e7298a","#66a61e"],"Dark2_04":["#1b9e77","#d95f02","#7570b3","#e7298a"],"Dark2_07":["#1b9e77","#d95f02","#7570b3","#e7298a","#66a61e","#e6ab02","#a6761d"],"Pastel2_03":["#b3e2cd","#fdcdac","#cbd5e8"],"Pastel2_04":["#b3e2cd","#fdcdac","#cbd5e8","#f4cae4"],"Pastel2_05":["#b3e2cd","#fdcdac","#cbd5e8","#f4cae4","#e6f5c9"],"Pastel2_06":["#b3e2cd","#fdcdac","#cbd5e8","#f4cae4","#e6f5c9","#fff2ae"],"Pastel2_07":["#b3e2cd","#fdcdac","#cbd5e8","#f4cae4","#e6f5c9","#fff2ae","#f1e2cc"],"Pastel2_08":["#b3e2cd","#fdcdac","#cbd5e8","#f4cae4","#e6f5c9","#fff2ae","#f1e2cc","#cccccc"],"RdYlBu_03":["#fc8d59","#ffffbf","#91bfdb"],"Dark2_08":["#1b9e77","#d95f02","#7570b3","#e7298a","#66a61e","#e6ab02","#a6761d","#666666"],"RdYlGn_03":["#fc8d59","#ffffbf","#91cf60"],"PRGn_11":["#40004b","#762a83","#9970ab","#c2a5cf","#e7d4e8","#f7f7f7","#d9f0d3","#a6dba0","#5aae61","#1b7837","#00441b"],"Greens_08":["#f7fcf5","#e5f5e0","#c7e9c0","#a1d99b","#74c476","#41ab5d","#238b45","#005a32"],"Greens_09":["#f7fcf5","#e5f5e0","#c7e9c0","#a1d99b","#74c476","#41ab5d","#238b45","#006d2c","#00441b"],"Greens_06":["#edf8e9","#c7e9c0","#a1d99b","#74c476","#31a354","#006d2c"],"Greens_07":["#edf8e9","#c7e9c0","#a1d99b","#74c476","#41ab5d","#238b45","#005a32"],"Greens_04":["#edf8e9","#bae4b3","#74c476","#238b45"],"Greens_05":["#edf8e9","#bae4b3","#74c476","#31a354","#006d2c"],"PRGn_10":["#40004b","#762a83","#9970ab","#c2a5cf","#e7d4e8","#d9f0d3","#a6dba0","#5aae61","#1b7837","#00441b"],"Greens_03":["#e5f5e0","#a1d99b","#31a354"]}
