{
    "Привокзальний ринок (749)": [
        "10",
        "16",
        "20",
        "43",
        "52",
        "Тр27",
        "Тр32",
        "Тр38"
    ],
    "Сокільницька (564)": [
        "10",
        "3А",
        "40"
    ],
    "Скорини (560)": [
        "10",
        "3А",
        "40",
        "9",
        "Тр22",
        "Тр23",
        "Тр25"
    ],
    "Приміський вокзал (189)": [
        "10",
        "16"
    ],
    "Гашека (431)": [
        "10",
        "3А",
        "40",
        "9",
        "Тр22",
        "Тр23",
        "Тр25"
    ],
    "Кульпарків (532)": [
        "10",
        "Тр22",
        "Тр38"
    ],
    "Тролейбусна (539)": [
        "10",
        "Тр22"
    ],
    "Кульпарків (137)": [
        "10",
        "Тр22",
        "Тр38"
    ],
    "Скнилівок (136)": [
        "10",
        "Тр22",
        "Тр38"
    ],
    "Симоненка (546)": [
        "10",
        "Тр22"
    ],
    "Скнилівок (534)": [
        "10",
        "Тр22",
        "Тр38"
    ],
    "Княгині Ольги (541)": [
        "10",
        "Тр22"
    ],
    "Стрийська-Наукова (565)": [
        "10",
        "3А",
        "40",
        "9",
        "Тр22",
        "Тр23",
        "Тр25"
    ],
    "Іподром (318)": [
        "10",
        "3А",
        "40"
    ],
    "Щирецька (533)": [
        "10",
        "Тр22"
    ],
    "Максимовича (562)": [
        "10",
        "3А",
        "40",
        "9",
        "Тр22",
        "Тр23",
        "Тр25"
    ],
    "Гашека (561)": [
        "10",
        "3А",
        "40",
        "9",
        "Тр22",
        "Тр23",
        "Тр25"
    ],
    "Сокільницька (435)": [
        "10",
        "3А",
        "40"
    ],
    "Залізничний вокзал (191)": [
        "10",
        "16"
    ],
    "Кардіологічний центр (392)": [
        "10",
        "Тр38"
    ],
    "Антоновича (531)": [
        "10",
        "Тр22",
        "Тр38"
    ],
    "Підстригача (537)": [
        "10",
        "Тр22"
    ],
    "Привокзальний ринок (110)": [
        "10",
        "16",
        "20",
        "43",
        "52",
        "Тр27",
        "Тр32",
        "Тр38"
    ],
    "Наукова (551)": [
        "10",
        "Тр22"
    ],
    "Скриня (494)": [
        "10",
        "16",
        "20",
        "43",
        "52",
        "Тр27",
        "Тр32",
        "Тр38"
    ],
    "Тролейбусна (538)": [
        "10",
        "Тр22"
    ],
    "Центр зайнятості (545)": [
        "10",
        "Тр22"
    ],
    "ТРЦ Кінг Кросс (320)": [
        "10",
        "3А",
        "40"
    ],
    "Княгині Ольги (550)": [
        "10",
        "Тр22"
    ],
    "Парк АТП-1": [
        "10",
        "16",
        "18",
        "19",
        "20",
        "3А",
        "40",
        "46",
        "47А",
        "52",
        "56",
        "63",
        "9"
    ],
    "Клуб Науковий (540)": [
        "10",
        "Тр22"
    ],
    "Приміський вокзал (190)": [
        "10",
        "16"
    ],
    "Симоненка (544)": [
        "10",
        "Тр22"
    ],
    "Кульпарківська (535)": [
        "10",
        "Тр38"
    ],
    "Центр зайнятості (548)": [
        "10",
        "Тр22"
    ],
    "Іподром (434)": [
        "10",
        "3А",
        "40"
    ],
    "Кульпарківська (529)": [
        "10",
        "Тр38"
    ],
    "Максимовича (432)": [
        "10",
        "3А",
        "40",
        "9",
        "Тр22",
        "Тр23",
        "Тр25"
    ],
    "Клуб Науковий (549)": [
        "10",
        "Тр22"
    ],
    "Автовокзал (563)": [
        "10",
        "3А",
        "40"
    ],
    "ТРЦ Кінг Кросс (320-01)": [
        "10",
        "3А",
        "40"
    ],
    "Скорини (430)": [
        "10",
        "3А",
        "40",
        "9",
        "Тр22",
        "Тр23",
        "Тр25"
    ],
    "Стрийська-Наукова (553)": [
        "10",
        "Тр22"
    ],
    "Щирецька (138)": [
        "10",
        "Тр22"
    ],
    "Кардіологічний центр (530)": [
        "10",
        "Тр38"
    ],
    "Автовокзал (433)": [
        "10",
        "3А",
        "40",
        "9",
        "Тр22",
        "Тр23",
        "Тр25"
    ],
    "Скриня (113)": [
        "10",
        "16",
        "20",
        "43",
        "52",
        "Тр27",
        "Тр32",
        "Тр38"
    ],
    "Лушпинського (702)": [
        "11",
        "47А"
    ],
    "Мотозавод (124)": [
        "11",
        "18"
    ],
    "Татарбунарська (696)": [
        "11",
        "47А"
    ],
    "Чукаріна (446)": [
        "11",
        "40",
        "Тр38"
    ],
    "Шевченка (689)": [
        "11",
        "47А"
    ],
    "Шувар (449)": [
        "11",
        "16",
        "40",
        "53"
    ],
    "Чукаріна (444)": [
        "11",
        "40",
        "Тр38"
    ],
    "Поліклініка №4 (456)": [
        "11",
        "19",
        "53",
        "Тр24"
    ],
    "Естонська (141)": [
        "11"
    ],
    "Стрийська-Наукова (445)": [
        "11",
        "40",
        "Тр38"
    ],
    "Володимира Великого (483)": [
        "11",
        "16",
        "18",
        "9",
        "Тр23",
        "Тр38"
    ],
    "Демнянська (441)": [
        "11",
        "40",
        "Тр38"
    ],
    "Боднарівка (508)": [
        "11",
        "9",
        "Тр23",
        "Тр38"
    ],
    "Поліклініка №5 (127)": [
        "11",
        "18"
    ],
    "Океан (482)": [
        "11",
        "16",
        "18",
        "21",
        "Тр23",
        "Тр38"
    ],
    "Дитяча поліклініка (452)": [
        "11",
        "16",
        "40",
        "53"
    ],
    "Коледж телекомунікацій (736)": [
        "11",
        "16",
        "18",
        "9"
    ],
    "Порічкова (692)": [
        "11",
        "47А"
    ],
    "Величковського (656)": [
        "11",
        "47А"
    ],
    "Океан (486)": [
        "11",
        "16",
        "18",
        "21",
        "Тр23",
        "Тр38"
    ],
    "Сихівська РА (453)": [
        "11",
        "19",
        "47А",
        "53",
        "Тр24"
    ],
    "Духовна семінарія (440)": [
        "11",
        "40",
        "Тр38"
    ],
    "Порічкова (690)": [
        "11",
        "47А"
    ],
    "Сяйво (180)": [
        "11",
        "18",
        "20",
        "43",
        "Тр32"
    ],
    "Санта Барбара (457)": [
        "11",
        "19",
        "46",
        "47А",
        "53",
        "Тр24"
    ],
    "Ливарна (143)": [
        "11"
    ],
    "Центр Довженка (455)": [
        "11",
        "16",
        "19",
        "40",
        "47А",
        "53",
        "Тр24"
    ],
    "Тролейбусне депо (568)": [
        "11",
        "9",
        "Тр23",
        "Тр38"
    ],
    "Південний (130)": [
        "11",
        "16",
        "18",
        "21",
        "Тр23"
    ],
    "Лушпинського (701)": [
        "11",
        "47А"
    ],
    "Скнилівок (131)": [
        "11",
        "16",
        "18",
        "21",
        "Тр23"
    ],
    "Шевченка (686)": [
        "11",
        "47А"
    ],
    "Брюховицька (685)": [
        "11",
        "47А"
    ],
    "Сяйво (179)": [
        "11",
        "18",
        "20",
        "43",
        "Тр32"
    ],
    "Парк Міра і К (Городоцька)": [
        "11"
    ],
    "Брюховицька (687)": [
        "11",
        "47А"
    ],
    "Мотозавод (100)": [
        "11",
        "18",
        "52",
        "Тр27"
    ],
    "Стельмаха (700)": [
        "11",
        "47А"
    ],
    "Любінська-Виговського (133)": [
        "11",
        "16",
        "18",
        "21",
        "Тр23"
    ],
    "Любінська-Виговського (128)": [
        "11",
        "16",
        "18",
        "21",
        "Тр23"
    ],
    "Ливарна (144)": [
        "11"
    ],
    "Автобусний завод (559)": [
        "11",
        "3А",
        "9",
        "Тр25"
    ],
    "Стельмаха (695)": [
        "11",
        "47А"
    ],
    "Залізнична РА (126)": [
        "11",
        "18"
    ],
    "Татарбунарська (186)": [
        "11",
        "47А"
    ],
    "Коледж телекомунікацій (479)": [
        "11",
        "16",
        "18",
        "9",
        "Тр23",
        "Тр38"
    ],
    "Левандівська (142)": [
        "11"
    ],
    "Сотника Панаса (693)": [
        "11",
        "47А"
    ],
    "Санта Барбара (459)": [
        "11",
        "19",
        "46",
        "47А",
        "53"
    ],
    "Духовна семінарія (442)": [
        "11",
        "40",
        "Тр38"
    ],
    "Шувар (450)": [
        "11",
        "16",
        "40",
        "53"
    ],
    "Естонська (140)": [
        "11"
    ],
    "Широка (145)": [
        "11"
    ],
    "Сотника Панаса (698)": [
        "11",
        "47А"
    ],
    "Куровця (484)": [
        "11",
        "16",
        "18",
        "21",
        "Тр23",
        "Тр38"
    ],
    "Куровця (485)": [
        "11",
        "16",
        "18",
        "21",
        "Тр23",
        "Тр38"
    ],
    "Південний (132)": [
        "11",
        "16",
        "18",
        "21",
        "Тр23"
    ],
    "Коломийська (454)": [
        "11",
        "19",
        "46",
        "47А",
        "53",
        "Тр24"
    ],
    "Поліклініка №5 (125)": [
        "11",
        "18"
    ],
    "Демнянська (443)": [
        "11",
        "40",
        "Тр38"
    ],
    "Крупзавод (184)": [
        "11",
        "Т07"
    ],
    "Рясне-1 (699)": [
        "11",
        "47А"
    ],
    "Рубчака (298)": [
        "11",
        "9",
        "Тр23",
        "Тр38"
    ],
    "Скнилівський парк (129)": [
        "11",
        "16",
        "18",
        "21",
        "Тр23"
    ],
    "Біберовича (691)": [
        "11",
        "47А"
    ],
    "Стрийська-Наукова (436)": [
        "11",
        "3А",
        "9",
        "Тр23",
        "Тр25",
        "Тр38"
    ],
    "Величковського (657)": [
        "11",
        "47А"
    ],
    "Янівський цвинтар (697)": [
        "11",
        "Т07"
    ],
    "Біберовича (688)": [
        "11",
        "47А"
    ],
    "Левандівська (139)": [
        "11"
    ],
    "Дитяча поліклініка (451)": [
        "11",
        "16",
        "40",
        "53"
    ],
    "Янівський цвинтар (185)": [
        "11",
        "Т07"
    ],
    "Рясне-2 (655)": [
        "11",
        "47А"
    ],
    "Янева (480)": [
        "11",
        "16",
        "18",
        "9"
    ],
    "Скнилівок (135)": [
        "11",
        "16",
        "18",
        "21",
        "Тр23"
    ],
    "Коломийська (458)": [
        "11",
        "19",
        "46",
        "47А",
        "53"
    ],
    "Широка (181)": [
        "11",
        "18",
        "20",
        "43",
        "Тр32"
    ],
    "Скнилівський парк (134)": [
        "11",
        "16",
        "18",
        "21",
        "Тр23"
    ],
    "Володимира Великого (481)": [
        "11",
        "16",
        "18",
        "9",
        "Тр23",
        "Тр38"
    ],
    "Рясне-1 (694)": [
        "11",
        "47А"
    ],
    "Рахівська (448)": [
        "11",
        "40"
    ],
    "Народна (497)": [
        "16",
        "20",
        "43",
        "52",
        "Тр27",
        "Тр32"
    ],
    "Херсонська (420)": [
        "16",
        "53"
    ],
    "Литвиненка (422)": [
        "16",
        "53"
    ],
    "Караджича (146)": [
        "16",
        "Тр30"
    ],
    "Янева (814)": [
        "16",
        "18"
    ],
    "Кульпарківська (95)": [
        "16",
        "20",
        "43",
        "52",
        "Тр27",
        "Тр32"
    ],
    "Податкова (404)": [
        "16"
    ],
    "Автобусний завод (429)": [
        "16",
        "18",
        "3А",
        "Тр25"
    ],
    "Колодзінського (800)": [
        "16",
        "40",
        "53"
    ],
    "Будинок меблів (147)": [
        "16",
        "Тр30"
    ],
    "Католицький університет (419)": [
        "16",
        "53"
    ],
    "Народна (96)": [
        "16",
        "20",
        "43",
        "52",
        "Тр27",
        "Тр32"
    ],
    "Окружна (536)": [
        "16",
        "Тр30"
    ],
    "Угорська (439)": [
        "16",
        "53"
    ],
    "Віденська (362)": [
        "16",
        "53"
    ],
    "Кульпарківська (496)": [
        "16",
        "20",
        "43",
        "52",
        "Тр27",
        "Тр32"
    ],
    "Любінська-Виговського (148)": [
        "16",
        "Тр30"
    ],
    "Будинок меблів (156)": [
        "16",
        "Тр30"
    ],
    "Залізничний вокзал (83)": [
        "16"
    ],
    "Окружна (737)": [
        "16"
    ],
    "Колодзінського (801)": [
        "16",
        "53"
    ],
    "Податкова (403)": [
        "16"
    ],
    "Угорська (438)": [
        "16",
        "53"
    ],
    "Автобусний завод (478)": [
        "16",
        "18"
    ],
    "Кавалерідзе (426)": [
        "16",
        "19",
        "40",
        "47А",
        "Тр24"
    ],
    "Херсонська (421)": [
        "16",
        "53"
    ],
    "Центр Довженка (424)": [
        "16",
        "40",
        "Тр24"
    ],
    "Сумська (437)": [
        "16",
        "53"
    ],
    "Католицький університет (408)": [
        "16"
    ],
    "Караджича (149)": [
        "16",
        "Тр30"
    ],
    "Богданівка (114)": [
        "16",
        "52",
        "Тр27"
    ],
    "Кавалерідзе (423)": [
        "16",
        "19",
        "40",
        "46",
        "47А",
        "Тр24"
    ],
    "Дитяча залізниця (558)": [
        "18",
        "3А",
        "Тр25"
    ],
    "Гніздовського (194)": [
        "18",
        "20",
        "43",
        "Тр32"
    ],
    "Шухевича (30)": [
        "18",
        "Т03",
        "Т08",
        "Т09"
    ],
    "Глинянський Тракт (211)": [
        "18"
    ],
    "Пасічна (255)": [
        "18",
        "47А"
    ],
    "Шота Руставелі (292)": [
        "18",
        "3А"
    ],
    "Медичний університет (243)": [
        "18",
        "47А",
        "Т01",
        "Т02",
        "Т07"
    ],
    "Мечникова (246)": [
        "18",
        "47А",
        "Т01",
        "Т02",
        "Т07"
    ],
    "Автостанція № 6 (210)": [
        "18",
        "19"
    ],
    "Площа Митна (42)": [
        "18",
        "47А",
        "Т01",
        "Т02",
        "Т07"
    ],
    "Шота Руставелі (291)": [
        "18",
        "3А",
        "Тр24",
        "Тр25",
        "Тр31"
    ],
    "Низинна (192)": [
        "18",
        "20",
        "43",
        "Тр32"
    ],
    "Ромоданівська (750)": [
        "18",
        "19",
        "40"
    ],
    "Суботівська (182)": [
        "18",
        "20",
        "43",
        "Тр32"
    ],
    "Дубова (752)": [
        "18"
    ],
    "Гніздовського (175)": [
        "18",
        "20",
        "43",
        "Тр32"
    ],
    "Низинна (195)": [
        "18",
        "20",
        "43",
        "Тр32"
    ],
    "Автостанція №6 (253)": [
        "18",
        "19",
        "40"
    ],
    "Бігова (206)": [
        "18"
    ],
    "Дубова (751)": [
        "18"
    ],
    "Військовий госпіталь (241)": [
        "18",
        "47А",
        "Т01",
        "Т02",
        "Т07"
    ],
    "Шухевича (29)": [
        "18",
        "3А",
        "46",
        "53",
        "Т09"
    ],
    "Мечникова (250)": [
        "18"
    ],
    "Військовий госпіталь (242)": [
        "18",
        "47А",
        "Т01",
        "Т02",
        "Т07"
    ],
    "Широка (196)": [
        "18",
        "20",
        "43",
        "Тр32"
    ],
    "Богданівська (205)": [
        "18"
    ],
    "Богданівська (213)": [
        "18",
        "19"
    ],
    "Стрийський ринок (80)": [
        "18",
        "3А",
        "Тр25"
    ],
    "Провесінь (209)": [
        "18"
    ],
    "Академія сухопутних військ (567)": [
        "18",
        "3А",
        "Тр25"
    ],
    "Податкова (566)": [
        "18",
        "3А",
        "Тр25"
    ],
    "Котика (252)": [
        "18",
        "47А"
    ],
    "Глинянський Тракт (208)": [
        "18"
    ],
    "Богдана Котика (249)": [
        "18",
        "47А"
    ],
    "Суботівська (177)": [
        "18",
        "20",
        "43",
        "Тр32"
    ],
    "Поліклініка №3 (178)": [
        "18",
        "20",
        "43",
        "Тр32"
    ],
    "Дитяча залізниця (75)": [
        "18",
        "3А",
        "Тр25"
    ],
    "Академія сухопутних військ (76)": [
        "18",
        "3А",
        "Тр25"
    ],
    "Стрийський ринок (81)": [
        "18",
        "3А",
        "Тр25"
    ],
    "Площа Митна (240)": [
        "18",
        "47А",
        "Т01",
        "Т02",
        "Т07"
    ],
    "Поліклініка №3 (176)": [
        "18",
        "20",
        "43",
        "Тр32"
    ],
    "Бігова (207)": [
        "18"
    ],
    "Медичний університет (245)": [
        "18",
        "47А",
        "Т01",
        "Т02",
        "Т07"
    ],
    "Податкова (428)": [
        "18",
        "3А",
        "Тр25"
    ],
    "Провесінь (212)": [
        "18"
    ],
    "Монгольська (731)": [
        "19"
    ],
    "Авторинок (199)": [
        "19"
    ],
    "Лікарня швидкої допомоги (659)": [
        "19",
        "46"
    ],
    "Пасічна (285)": [
        "19",
        "40",
        "47А"
    ],
    "Зубрівська (378)": [
        "19",
        "40",
        "46",
        "47А",
        "Тр24",
        "Тр31"
    ],
    "Ярошинської (284)": [
        "19",
        "40",
        "47А"
    ],
    "Сихівська (394)": [
        "19",
        "40",
        "46",
        "47А",
        "Тр24"
    ],
    "Чигиринська (575)": [
        "19",
        "56"
    ],
    "Сихівська (380)": [
        "19",
        "40",
        "46",
        "47А",
        "Тр24"
    ],
    "Щурата (619)": [
        "19"
    ],
    "Авторинок (200)": [
        "19"
    ],
    "Радіоринок (590)": [
        "19",
        "20",
        "58",
        "59",
        "62",
        "63"
    ],
    "Скейт-парк (738)": [
        "19",
        "53",
        "58",
        "59",
        "62",
        "63",
        "9"
    ],
    "Лікарня швидкої допомоги (658)": [
        "19",
        "46"
    ],
    "Ковельська (230)": [
        "19"
    ],
    "Фабрика повидла (583)": [
        "19",
        "20",
        "58",
        "59",
        "62",
        "63"
    ],
    "Грінченка (577)": [
        "19",
        "56"
    ],
    "Лисинецька (282)": [
        "19",
        "40",
        "47А"
    ],
    "Радіоринок (587)": [
        "19",
        "20",
        "58",
        "59",
        "62",
        "63"
    ],
    "Автостанція №2 (591)": [
        "19",
        "20",
        "58",
        "59",
        "62",
        "63"
    ],
    "Грінченка (574)": [
        "19",
        "56"
    ],
    "Трильовського (405)": [
        "19"
    ],
    "Височана (588)": [
        "19",
        "20",
        "58",
        "59",
        "62",
        "63"
    ],
    "Корейська (273)": [
        "19"
    ],
    "Модем (338)": [
        "19"
    ],
    "Модем (337)": [
        "19"
    ],
    "Зубрівська (379)": [
        "19",
        "40",
        "46",
        "47А",
        "Тр24",
        "Тр31"
    ],
    "ДБК (376)": [
        "19",
        "40",
        "46",
        "47А",
        "Тр24",
        "Тр31"
    ],
    "Лисинецька (283)": [
        "19",
        "40",
        "47А"
    ],
    "Таджицька (278)": [
        "19",
        "40",
        "47А"
    ],
    "ДБК (377)": [
        "19",
        "40",
        "46",
        "47А",
        "Тр24",
        "Тр31"
    ],
    "Трембіта (336)": [
        "19"
    ],
    "Скейт-парк (589)": [
        "19",
        "53",
        "58",
        "59",
        "62",
        "63",
        "9"
    ],
    "Таджицька (279)": [
        "19",
        "40",
        "47А"
    ],
    "Трильовського (406)": [
        "19"
    ],
    "Височана (585)": [
        "19",
        "20",
        "58",
        "59",
        "62",
        "63"
    ],
    "Чигиринська (576)": [
        "19",
        "56"
    ],
    "Плугова (634)": [
        "19",
        "56",
        "Тр33"
    ],
    "Ковельська (288)": [
        "19",
        "20"
    ],
    "Ярошинської (287)": [
        "19",
        "40",
        "47А"
    ],
    "Пимоненка (331)": [
        "19"
    ],
    "Монгольська (732)": [
        "19"
    ],
    "Корейська (274)": [
        "19"
    ],
    "Пирогівка (333)": [
        "19"
    ],
    "Старознесенська (202)": [
        "19"
    ],
    "Пирогівка (334)": [
        "19"
    ],
    "Трембіта (335)": [
        "19"
    ],
    "Старознесенська (201)": [
        "19"
    ],
    "Майорівка (280)": [
        "19",
        "40",
        "47А"
    ],
    "Милятинська (229)": [
        "19"
    ],
    "Антонича (354)": [
        "19"
    ],
    "Милятинська (228)": [
        "19"
    ],
    "Плугова (635)": [
        "19",
        "56",
        "Тр33"
    ],
    "Майорівка (281)": [
        "19",
        "40",
        "47А"
    ],
    "Богданівська (198)": [
        "19"
    ],
    "Пимоненка (332)": [
        "19"
    ],
    "Новознесенська (272)": [
        "19"
    ],
    "Кропивницького (94)": [
        "20",
        "52",
        "Т06"
    ],
    "Польова (289-1)": [
        "20"
    ],
    "Ковельська (231)": [
        "20"
    ],
    "Куліша (6)": [
        "20",
        "46",
        "47А",
        "52",
        "53",
        "9",
        "Тр33"
    ],
    "Остряниці (580)": [
        "20",
        "58",
        "59",
        "62",
        "63",
        "Т06"
    ],
    "Гайдамацька (578)": [
        "20",
        "63"
    ],
    "Кукурудзяна (237)": [
        "20"
    ],
    "Проспект Чорновола (705)": [
        "20",
        "46",
        "47А",
        "52",
        "53",
        "9",
        "Тр33"
    ],
    "Кукурудзяна (236)": [
        "20"
    ],
    "Цирк (15)": [
        "20",
        "52"
    ],
    "Вокзал Підзамче (579)": [
        "20",
        "63",
        "Т06"
    ],
    "Цирк (17)": [
        "20",
        "52"
    ],
    "Вокзал Підзамче (581)": [
        "20",
        "58",
        "59",
        "62",
        "63",
        "Т06"
    ],
    "Ковельська (766)": [
        "20"
    ],
    "Палац Хоткевича (640)": [
        "20",
        "63",
        "Т06",
        "Т09"
    ],
    "Церква святої Анни (679)": [
        "20",
        "52",
        "Т06",
        "Т07"
    ],
    "Наливайка (14)": [
        "20",
        "52",
        "Т06",
        "Т07"
    ],
    "Кропивницького (18)": [
        "20",
        "52",
        "Т06"
    ],
    "700-річчя Львова (56)": [
        "20",
        "56",
        "63"
    ],
    "Фабрика повидла (586)": [
        "20",
        "58",
        "59",
        "62",
        "63"
    ],
    "Польова, Завод (289)": [
        "20"
    ],
    "Промислова (582)": [
        "20",
        "58",
        "59",
        "62",
        "63"
    ],
    "Магнус (13)": [
        "20",
        "52",
        "Т06",
        "Т07"
    ],
    "Захисників України (60)": [
        "20",
        "52",
        "Т06",
        "Т07"
    ],
    "700-річчя Львова (55)": [
        "20",
        "56",
        "63"
    ],
    "Остряниці (584)": [
        "20",
        "58",
        "59",
        "62",
        "63",
        "Т06"
    ],
    "Церква святої Анни (16)": [
        "20",
        "52",
        "Т06",
        "Т07"
    ],
    "Гайдамацька (630)": [
        "20",
        "63",
        "Т06"
    ],
    "Чорновола (7)": [
        "20",
        "46",
        "47А",
        "52",
        "53",
        "9",
        "Тр33"
    ],
    "ЛОРТА (167)": [
        "21",
        "Тр23",
        "Тр30"
    ],
    "Аркаса (523)": [
        "21",
        "9"
    ],
    "площа Івана Підкови (708)": [
        "21",
        "9",
        "Тр33"
    ],
    "Патона (119)": [
        "21",
        "Тр23",
        "Тр30"
    ],
    "Станційна (106)": [
        "21",
        "52"
    ],
    "Парк ЛАТП-14630": [
        "21",
        "58",
        "59"
    ],
    "Городоцька, Метро (108)": [
        "21",
        "52"
    ],
    "Площа Лема (44)": [
        "21",
        "43",
        "9"
    ],
    "Дорошенка (50)": [
        "21",
        "43",
        "9",
        "Т01",
        "Т02"
    ],
    "Площа Лема (470)": [
        "21"
    ],
    "Залізнична РА (120)": [
        "21",
        "Тр23",
        "Тр30"
    ],
    "Городоцька. Метро (105)": [
        "21",
        "52"
    ],
    "Бойчука, Кіноцентр (518)": [
        "21",
        "9"
    ],
    "Театр опери та балету (68)": [
        "21",
        "3А",
        "46",
        "47А",
        "53",
        "9",
        "Тр33"
    ],
    "Епіцентр (315)": [
        "21",
        "52"
    ],
    "Ряшівська (169)": [
        "21",
        "Тр23",
        "Тр30"
    ],
    "Ісаєвича (513)": [
        "21",
        "9"
    ],
    "Головна пошта (52)": [
        "21",
        "43",
        "9",
        "Т01",
        "Т02"
    ],
    "Ісаєвича (515)": [
        "21",
        "9"
    ],
    "Каховська (115)": [
        "21",
        "52",
        "Тр27"
    ],
    "Аркаса (514)": [
        "21",
        "9"
    ],
    "Епіцентр (316)": [
        "21",
        "52"
    ],
    "Городоцька-Кільцева (109)": [
        "21",
        "52"
    ],
    "Патона (121)": [
        "21",
        "Тр23",
        "Тр30"
    ],
    "Три слони (314-01)": [
        "21"
    ],
    "Горбачевського (526)": [
        "21",
        "9"
    ],
    "Станційна (102)": [
        "21",
        "52"
    ],
    "Азов-Галичина (107)": [
        "21",
        "52"
    ],
    "ЛОРТА (168)": [
        "21",
        "Тр23",
        "Тр30"
    ],
    "Горбачевського (512)": [
        "21",
        "9"
    ],
    "Площа Різні (62)": [
        "21",
        "3А",
        "47А",
        "52"
    ],
    "Каховська (116)": [
        "21",
        "52",
        "Тр27"
    ],
    "Бойчука, Кіноцентр (521)": [
        "21",
        "9"
    ],
    "Дорошенка (51)": [
        "21",
        "9",
        "Т01",
        "Т02"
    ],
    "Залізнична РА (122)": [
        "21",
        "Тр23",
        "Тр30"
    ],
    "Азов-Галичина (103)": [
        "21",
        "52"
    ],
    "Три слони (314)": [
        "21"
    ],
    "Головна пошта (43)": [
        "21",
        "9",
        "Т01",
        "Т02"
    ],
    "Ряшівська (166)": [
        "21",
        "Тр23",
        "Тр30"
    ],
    "Князя Романа (39)": [
        "3А",
        "43",
        "53"
    ],
    "Проспект Свободи (67)": [
        "3А",
        "43",
        "46",
        "47А",
        "53"
    ],
    "Підвальна (57)": [
        "3А",
        "46",
        "47А",
        "53",
        "Т07",
        "Т09"
    ],
    "Театральна (40)": [
        "3А",
        "46",
        "47А",
        "53",
        "Т06",
        "Т07"
    ],
    "Стежка Шептицького (1038)": [
        "40"
    ],
    "ТЦ Метро-2 (364)": [
        "40",
        "47А"
    ],
    "Автостанція №6 (256)": [
        "40"
    ],
    "Винники, Лисика (1016)": [
        "40"
    ],
    "Винники, Сахарова (1036)": [
        "40"
    ],
    "Вашингтона (365)": [
        "40",
        "47А"
    ],
    "Винники, Галицька (1008)": [
        "40"
    ],
    "Біля лева (807)": [
        "40"
    ],
    "Бузкова (370)": [
        "40",
        "46",
        "47А",
        "Тр24",
        "Тр31"
    ],
    "Фрезерний завод (371)": [
        "40",
        "46",
        "47А",
        "Тр24",
        "Тр31"
    ],
    "Винники, Офтальмологічна поліклініка (1003)": [
        "40"
    ],
    "Винники, Івасюка (1004)": [
        "40"
    ],
    "Дріжджова (259)": [
        "40"
    ],
    "Бахматюка (261)": [
        "40"
    ],
    "Автовокзал (359)": [
        "40",
        "9"
    ],
    "Винники, Офтальмологічна поліклініка (1002)": [
        "40"
    ],
    "Ялівець (257)": [
        "40"
    ],
    "Винники, Івасюка (1009)": [
        "40"
    ],
    "Ялівець (254)": [
        "40"
    ],
    "Дріжджова (262)": [
        "40"
    ],
    "Винники, Сахарова (1037)": [
        "40"
    ],
    "Бахматюка (258)": [
        "40"
    ],
    "Бузкова (373)": [
        "40",
        "46",
        "47А",
        "Тр24",
        "Тр31"
    ],
    "Перинатальний центр (215)": [
        "40",
        "47А"
    ],
    "Винниківське озеро (1018)": [
        "40"
    ],
    "ТЦ Метро-2 (214)": [
        "40",
        "47А"
    ],
    "Винники, Галицька (1005)": [
        "40"
    ],
    "Фрезерний завод (374)": [
        "40",
        "46",
        "47А",
        "Тр24",
        "Тр31"
    ],
    "Біля лева (806)": [
        "40"
    ],
    "Ліцей Героїв Крут (734)": [
        "40",
        "47А"
    ],
    "Автостанція №5 (375)": [
        "40",
        "46",
        "47А",
        "Тр24",
        "Тр31"
    ],
    "Перинатальний центр (363)": [
        "40",
        "47А"
    ],
    "Вашингтона (216)": [
        "40",
        "47А"
    ],
    "Винниківське озеро (1019)": [
        "40"
    ],
    "Шота Руставелі (218)": [
        "43",
        "46"
    ],
    "Водогінна (24)": [
        "43",
        "46",
        "Тр24",
        "Тр31"
    ],
    "Дунайська (366)": [
        "43"
    ],
    "Шота Руставелі (217)": [
        "43",
        "46"
    ],
    "Керченська (222)": [
        "43",
        "46",
        "Тр24",
        "Тр31"
    ],
    "Карпінського (66)": [
        "43",
        "Т01"
    ],
    "Керченська (25)": [
        "43",
        "46",
        "Тр24",
        "Тр31"
    ],
    "Лікарня №8 (367)": [
        "43"
    ],
    "Липова Алея (223)": [
        "43",
        "46",
        "Тр24",
        "Тр31"
    ],
    "Бандери (557)": [
        "43",
        "Т04",
        "Т09"
    ],
    "Дністерська (760)": [
        "43"
    ],
    "Львівська політехніка (64)": [
        "43",
        "Т01"
    ],
    "Львівська політехніка (65)": [
        "43",
        "Т01"
    ],
    "Саксаганського (36)": [
        "43",
        "53",
        "Т03",
        "Т08",
        "Т09"
    ],
    "Кропивницького (528)": [
        "43",
        "Т01",
        "Т04",
        "Т09"
    ],
    "Водогінна (221)": [
        "43",
        "46",
        "Тр24",
        "Тр31"
    ],
    "Парк культури (20)": [
        "43",
        "Т03",
        "Т04",
        "Т09"
    ],
    "Площа Франка (31)": [
        "43",
        "Т03",
        "Т09"
    ],
    "Дунайська (368)": [
        "43"
    ],
    "Дністерська (759)": [
        "43"
    ],
    "Львівводоканал (220)": [
        "43",
        "46",
        "Тр24",
        "Тр31"
    ],
    "Карпінського (556)": [
        "43",
        "Т01"
    ],
    "Вагилевича (779)": [
        "43",
        "46",
        "Тр24",
        "Тр31"
    ],
    "Вагилевича (780)": [
        "43",
        "46",
        "Тр24",
        "Тр31"
    ],
    "Кропивницького (47)": [
        "43",
        "Т01",
        "Т04",
        "Т09"
    ],
    "Львівводоканал (219)": [
        "43",
        "46",
        "Тр24",
        "Тр31"
    ],
    "Парк Фіакр (вул. Повітряна)": [
        "43"
    ],
    "Липова Алея (369)": [
        "43",
        "46",
        "Тр24",
        "Тр31"
    ],
    "Шевченківська РА (609)": [
        "46",
        "47А",
        "52",
        "53",
        "56",
        "9",
        "Тр33"
    ],
    "Віри, Надії, Любові (664)": [
        "46"
    ],
    "Варшавська (617)": [
        "46",
        "47А",
        "56",
        "Тр33"
    ],
    "Орлика (638)": [
        "46",
        "56",
        "Тр33"
    ],
    "Хімічна (616)": [
        "46",
        "47А",
        "52",
        "53",
        "56",
        "9",
        "Тр33"
    ],
    "Мазепи (636)": [
        "46",
        "56",
        "Тр33"
    ],
    "Хімічна (608)": [
        "46",
        "47А",
        "52",
        "53",
        "56",
        "9",
        "Тр33"
    ],
    "Парк 700-річчя Львова (611)": [
        "46",
        "47А",
        "52",
        "56",
        "Тр33"
    ],
    "Палац культури Гната Хоткевича (615)": [
        "46",
        "47А",
        "52",
        "53",
        "56",
        "9",
        "Тр33"
    ],
    "Коломийська (409)": [
        "46"
    ],
    "Коломийська - Трильовського (411)": [
        "46",
        "47А"
    ],
    "Дністерська (372)": [
        "46",
        "Тр24",
        "Тр31"
    ],
    "Орлика (631)": [
        "46",
        "56",
        "Тр33"
    ],
    "Лікарня швидкої допомоги (633)": [
        "46",
        "56",
        "Тр33"
    ],
    "Шевченківська РА (610)": [
        "46",
        "47А",
        "52",
        "56",
        "Тр33"
    ],
    "Голоско (739)": [
        "46",
        "56",
        "Тр33"
    ],
    "Лікарня швидкої допомоги (632)": [
        "46",
        "56",
        "Тр33"
    ],
    "Варшавська (612)": [
        "46",
        "47А",
        "52",
        "56",
        "Тр33"
    ],
    "Дністерська (224)": [
        "46",
        "Тр24",
        "Тр31"
    ],
    "Шевченківська РА (613)": [
        "46",
        "47А",
        "56",
        "Тр33"
    ],
    "Кавалерідзе (397)": [
        "46"
    ],
    "Замарстинів (648)": [
        "46",
        "56",
        "Тр33"
    ],
    "Парк 700-річчя Львова (618)": [
        "46",
        "47А",
        "56",
        "Тр33"
    ],
    "Голоско (614)": [
        "46",
        "56",
        "Тр33"
    ],
    "Коломийська - Трильовського (410)": [
        "46"
    ],
    "Кос-Анатольського (399)": [
        "46",
        "47А"
    ],
    "Мазепи (637)": [
        "46",
        "56",
        "Тр33"
    ],
    "Кос-Анатольського (400)": [
        "46"
    ],
    "Антоненка-Давидовича (398)": [
        "46",
        "47А"
    ],
    "Щурата (662)": [
        "46"
    ],
    "Тунельна (776)": [
        "47А"
    ],
    "Тунельна (775)": [
        "47А"
    ],
    "Винниця (762)": [
        "47А"
    ],
    "Школа № 23 (625)": [
        "47А"
    ],
    "Площа Галицька (10)": [
        "47А"
    ],
    "Янівський меморіал (330)": [
        "47А"
    ],
    "Янівський меморіал (329)": [
        "47А"
    ],
    "Мечникова (247)": [
        "47А",
        "Т01",
        "Т02",
        "Т07"
    ],
    "Татарбунарська (629)": [
        "47А"
    ],
    "Варшавська (606)": [
        "47А"
    ],
    "Винниця (761)": [
        "47А"
    ],
    "Петрицького (777)": [
        "47А"
    ],
    "Петрицького (778)": [
        "47А"
    ],
    "Школа № 23 (624)": [
        "47А",
        "52"
    ],
    "Татарбунарська (628)": [
        "47А"
    ],
    "Вільхова (104)": [
        "52",
        "Тр27"
    ],
    "Богданівка (498)": [
        "52",
        "Тр27"
    ],
    "Рудне, Мазепи (1105)": [
        "52"
    ],
    "Рудне, Центральна (1112)": [
        "52"
    ],
    "Варшавська (612-01)": [
        "52"
    ],
    "Рудне, Коновальця (1104)": [
        "52"
    ],
    "Рудне, Коновальця (1103)": [
        "52"
    ],
    "Вільхова (99)": [
        "52",
        "Тр27"
    ],
    "Вівсяна (101)": [
        "52",
        "Тр27"
    ],
    "Рудне, Лесі Українки (1108)": [
        "52"
    ],
    "Рудне, Шевченка (1127)": [
        "52"
    ],
    "Рудне, Шевченка (1128)": [
        "52"
    ],
    "Рудне, Мазепи (1106)": [
        "52"
    ],
    "Струмок (622)": [
        "52"
    ],
    "Рудне, Лугова (1110)": [
        "52"
    ],
    "Рудне, Семінарія (1130)": [
        "52"
    ],
    "Рудне, Лисенка (1123)": [
        "52"
    ],
    "Мотозавод (97)": [
        "52",
        "Тр27"
    ],
    "Рудне, Кільцева (1102)": [
        "52"
    ],
    "Рудне, Кільцева (1101)": [
        "52"
    ],
    "Рудне, Народний дім (1119)": [
        "52"
    ],
    "Рудне, Лесі Українки (1107)": [
        "52"
    ],
    "Вівсяна (98)": [
        "52",
        "Тр27"
    ],
    "Бальзака (621)": [
        "52"
    ],
    "Окуневського (596)": [
        "52"
    ],
    "Рудне, Нагірних (1125)": [
        "52"
    ],
    "Рудне, Володимира Великого (1117)": [
        "52"
    ],
    "Рудне, Стадіон (1121)": [
        "52"
    ],
    "Рудне, Семінарія (1129)": [
        "52"
    ],
    "Панча (627)": [
        "52"
    ],
    "Автостанція №2 (605)": [
        "53",
        "9"
    ],
    "Карманського (38)": [
        "53"
    ],
    "Музей Франка (713)": [
        "53"
    ],
    "Площа Франка (311)": [
        "53",
        "Т08"
    ],
    "Музей Франка (33)": [
        "53"
    ],
    "Поліклініка № 4 (733)": [
        "53"
    ],
    "Саксаганського (35)": [
        "53",
        "Т03",
        "Т08",
        "Т09"
    ],
    "Галицьке перехрестя (593)": [
        "53",
        "56",
        "58",
        "59",
        "62",
        "63",
        "9"
    ],
    "Енергетична (712)": [
        "53"
    ],
    "Бетховена (603)": [
        "53",
        "9"
    ],
    "Шевченківська РА (597)": [
        "53",
        "9"
    ],
    "Енергетична (711)": [
        "53"
    ],
    "БТІ (604)": [
        "53",
        "9"
    ],
    "БТІ (600)": [
        "53",
        "9"
    ],
    "Галицьке перехрестя (595)": [
        "53",
        "56",
        "58",
        "59",
        "62",
        "63"
    ],
    "Миколайчука (607)": [
        "53",
        "9"
    ],
    "Стрийський парк (28)": [
        "53",
        "Т04",
        "Т08"
    ],
    "Замарстинівська (598)": [
        "53",
        "9"
    ],
    "Католицький університет (402)": [
        "53"
    ],
    "Карманського (401)": [
        "53"
    ],
    "Парк Успіх БМ": [
        "53",
        "62"
    ],
    "Католицький університет (301)": [
        "53"
    ],
    "Замарстинівська (602)": [
        "53",
        "9"
    ],
    "Автостанція №2 (601)": [
        "53",
        "9"
    ],
    "Стрийський парк (706)": [
        "53"
    ],
    "Бетховена (599)": [
        "53",
        "9"
    ],
    "Стрийський ринок (32)": [
        "53",
        "Т04",
        "Т08"
    ],
    "Малехів, Кобилянської (1201)": [
        "56",
        "58",
        "59",
        "62",
        "63"
    ],
    "Великі Грибовичі, Садова (1172)": [
        "56"
    ],
    "Великі Грибовичі, АЗС (1176)": [
        "56",
        "58",
        "59",
        "62",
        "63"
    ],
    "Малехів, Кобилянської (1202)": [
        "56",
        "58",
        "59",
        "62",
        "63"
    ],
    "Назарука (592)": [
        "56",
        "58",
        "59",
        "62",
        "63"
    ],
    "Дубляни, Центр (1311)": [
        "56"
    ],
    "Великі Грибовичі, Садова (1177)": [
        "56",
        "58",
        "59",
        "62",
        "63"
    ],
    "Великі Грибовичі  (1171)": [
        "56"
    ],
    "Великі Грибовичі, Дублянська (1173)": [
        "56"
    ],
    "Великі Грибовичі, Садова (1178)": [
        "56",
        "58",
        "59",
        "62",
        "63"
    ],
    "Великі Грибовичі, Дублянська (1174)": [
        "56"
    ],
    "Малехів, Жовківська (1193)": [
        "56",
        "58",
        "59",
        "62",
        "63"
    ],
    "Дубляни, Центр (1312)": [
        "56"
    ],
    "Великі Грибовичі, АЗС (1175)": [
        "56",
        "58",
        "59",
        "62",
        "63"
    ],
    "Малехів, Жовківська (1194)": [
        "56",
        "58",
        "59",
        "62",
        "63"
    ],
    "Зашків, Журавлина (1222)": [
        "58",
        "59"
    ],
    "Зашків, Цвинтар (1232)": [
        "58"
    ],
    "Завадів, Співоче поле (1254)": [
        "58"
    ],
    "Зашків, Журавлина (1221)": [
        "58",
        "59"
    ],
    "Зашків, Дитсадок (1238)": [
        "58"
    ],
    "Зашків, Цвинтар (1231)": [
        "58"
    ],
    "Зашків, Бригада (1226)": [
        "58",
        "59"
    ],
    "Завадів, Центр (1256)": [
        "58"
    ],
    "Завадів, Центр (1255)": [
        "58"
    ],
    "Вокзал Підзамче (312)": [
        "58",
        "59",
        "62"
    ],
    "Зашків, ЦНАП (1229)": [
        "58"
    ],
    "Завадів, Народний дім (1258)": [
        "58"
    ],
    "Гряда, Смеречанського (1263)": [
        "58",
        "59"
    ],
    "Зашків, ЦНАП (1230)": [
        "58"
    ],
    "Зашків, Млинівка (1236)": [
        "58"
    ],
    "Зашків, Бригада (1225)": [
        "58",
        "59"
    ],
    "Завадів, Джерело (1251)": [
        "58"
    ],
    "Завадів, Джерело (1252)": [
        "58"
    ],
    "Зашків, Станція (1233)": [
        "58"
    ],
    "Великий Дорошів, поворот на Зашків (1211)": [
        "58",
        "59"
    ],
    "Гряда, Смеречанського (1264)": [
        "58",
        "59"
    ],
    "Зашків, Під липою (1224)": [
        "58",
        "59"
    ],
    "Зашків, Дитсадок (1237)": [
        "58"
    ],
    "Зашків, Під липою (1223)": [
        "58",
        "59"
    ],
    "Гряда, Шевченка (1261)": [
        "58",
        "59"
    ],
    "Гряда, Шевченка (1262)": [
        "58",
        "59"
    ],
    "Зашків Млинівка (1235)": [
        "58"
    ],
    "Завадів, Співоче поле (1253)": [
        "58"
    ],
    "Завадів, Народний дім (1257)": [
        "58"
    ],
    "Великий Дорошів, поворт на Зашків (1212)": [
        "58",
        "59"
    ],
    "Зарудці, Біля Озимка (1273)": [
        "59"
    ],
    "Зарудці, Біля Озимка (1274)": [
        "59"
    ],
    "Зарудці, Церква (1276)": [
        "59"
    ],
    "Зарудці, Урожайна (1271)": [
        "59"
    ],
    "Зарудці, Церква (1275)": [
        "59"
    ],
    "Зарудці, Урожайна (1272)": [
        "59"
    ],
    "Малі Грибовичі, Центр (1294)": [
        "62"
    ],
    "Великі Грибовичі, Церква (1164)": [
        "62"
    ],
    "Малі Грибовичі, Школа (1292)": [
        "62"
    ],
    "Великі Грибовичі, Церква (1163)": [
        "62"
    ],
    "Великі Грибовичі, Переїзд (1162)": [
        "62"
    ],
    "Малі Грибовичі, Центр (1293)": [
        "62"
    ],
    "Великі Грибовичі, Дачі (1165)": [
        "62"
    ],
    "Великі Грибовичі, Дачі (1166)": [
        "62"
    ],
    "Великі Грибовичі, Переїзд (1161)": [
        "62"
    ],
    "Малі Грибовичі, Школа(1291)": [
        "62"
    ],
    "Ветеранів (727)": [
        "63"
    ],
    "Воля Гамулецька, Народний Дім (1320)": [
        "63"
    ],
    "Воля Гамулецька, Народний дім (1322)": [
        "63"
    ],
    "Ветеранів (727-1)": [
        "63"
    ],
    "Воля Гамулецька, Центр (1326)": [
        "63"
    ],
    "Воля Гамулецька, Церква (1323)": [
        "63"
    ],
    "Гряда, Школа (1268)": [
        "63"
    ],
    "Гряда, Школа (1267)": [
        "63"
    ],
    "Гряда, Палац (1269)": [
        "63"
    ],
    "Воля Гамулецька, Народний Дім (1321)": [
        "63"
    ],
    "Гряда, Палац (1270)": [
        "63"
    ],
    "Воля Гамулецька, Центр (1325)": [
        "63"
    ],
    "Гряда, Центр (1265)": [
        "63"
    ],
    "Воля Гамулецька, Церква (1324)": [
        "63"
    ],
    "Гряда, Центр (1266)": [
        "63"
    ],
    "Воля Гамулецька, Зелена (1327)": [
        "63"
    ],
    "Муроване, Озеро (1151)": [
        "9"
    ],
    "Львівська політехніка (11)": [
        "9",
        "Т02"
    ],
    "Малехів, Південна (1204)": [
        "9"
    ],
    "Муроване, Підгребелля (1147)": [
        "9"
    ],
    "Малехів, Південна (1203)": [
        "9"
    ],
    "Муроване, Підгребелля (1148)": [
        "9"
    ],
    "Малехів, Тараса Дороша (1191)": [
        "9"
    ],
    "Малехів, Тараса Дороша (1192)": [
        "9"
    ],
    "Малехів, Нова (1206)": [
        "9"
    ],
    "Київська (488)": [
        "9",
        "Т02"
    ],
    "Муроване, Піднивки (1142)": [
        "9"
    ],
    "Муроване, Озеро (1152)": [
        "9"
    ],
    "Муроване, Стадіон (1144)": [
        "9"
    ],
    "Галицьке перехрестя (594)": [
        "9"
    ],
    "Муроване, Піднивки (1141)": [
        "9"
    ],
    "Муроване, Стадіон (1143)": [
        "9"
    ],
    "Муроване, Підлипи (1150)": [
        "9"
    ],
    "Фабрика Левинського (489)": [
        "9",
        "Т02"
    ],
    "Муроване, Церква (1146)": [
        "9"
    ],
    "Муроване, Церква (1145)": [
        "9"
    ],
    "Малехів, Нова (1205)": [
        "9"
    ],
    "Муроване, Підлипи (1149)": [
        "9"
    ],
    "Парк Архангела Михаїла (341)": [
        "9"
    ],
    "Парк Архангела Михаїла (342)": [
        "9"
    ],
    "Залізничний вокзал (118)": [
        "Т01",
        "Т04",
        "Т06",
        "Т09"
    ],
    "Приміський вокзал (187)": [
        "Т01",
        "Т04",
        "Т06",
        "Т09"
    ],
    "Левицького (239)": [
        "Т01",
        "Т07"
    ],
    "Руська (63)": [
        "Т01",
        "Т02"
    ],
    "Приміський вокзал (188)": [
        "Т01",
        "Т04",
        "Т06",
        "Т09"
    ],
    "Інфекційна лікарня (227)": [
        "Т01",
        "Т07"
    ],
    "Личаківський цвинтар (226)": [
        "Т01",
        "Т07"
    ],
    "Погулянка (197)": [
        "Т01",
        "Т07"
    ],
    "Левицького (238)": [
        "Т01",
        "Т07"
    ],
    "Руська (58)": [
        "Т01",
        "Т02"
    ],
    "Личаківський цвинтар (225)": [
        "Т01",
        "Т07"
    ],
    "Трамвайне депо (Промислова)": [
        "Т01",
        "Т02",
        "Т03",
        "Т04",
        "Т06",
        "Т07",
        "Т08",
        "Т09"
    ],
    "Погулянка (197-01)": [
        "Т01",
        "Т07"
    ],
    "Площа Ринок (61)": [
        "Т01",
        "Т02"
    ],
    "Залізничний вокзал (117)": [
        "Т01",
        "Т04",
        "Т06",
        "Т09"
    ],
    "Львівська політехніка (12)": [
        "Т02"
    ],
    "Коновальця, музей Труша (504)": [
        "Т02"
    ],
    "Мельника (465)": [
        "Т02"
    ],
    "Пасічна (286-1)": [
        "Т02"
    ],
    "Богдана Котика (248)": [
        "Т02"
    ],
    "Залізняка (500)": [
        "Т02"
    ],
    "Залізняка (501)": [
        "Т02"
    ],
    "Пасічна (286)": [
        "Т02"
    ],
    "Коновальця (677)": [
        "Т02"
    ],
    "Гординських (502)": [
        "Т02"
    ],
    "Богдана Котика (251)": [
        "Т02"
    ],
    "Мельника (499)": [
        "Т02"
    ],
    "Київська (487)": [
        "Т02"
    ],
    "Гординських (503)": [
        "Т02"
    ],
    "Фабрика Левинського (490)": [
        "Т02"
    ],
    "Аквапарк-висадка (519-01)": [
        "Т03"
    ],
    "Площа Лема (467)": [
        "Т03"
    ],
    "Соборна (74)": [
        "Т03",
        "Т08"
    ],
    "ПЛ. СОБОРНА": [
        "Т03",
        "Т08"
    ],
    "Бойчука, Кіноцентр (517)": [
        "Т03"
    ],
    "Площа Лема (466)": [
        "Т03"
    ],
    "Бойчука, Кіноцентр (516)": [
        "Т03"
    ],
    "Аркаса (524)": [
        "Т03"
    ],
    "Аркаса (525)": [
        "Т03"
    ],
    "Горбачевського (469)": [
        "Т03"
    ],
    "Парк культури (19)": [
        "Т03",
        "Т04",
        "Т09"
    ],
    "Горбачевського (468)": [
        "Т03"
    ],
    "Аквапарк (519)": [
        "Т03"
    ],
    "Ісаєвича (294)": [
        "Т03"
    ],
    "Площа Франка (34)": [
        "Т03",
        "Т09"
    ],
    "Ісаєвича (293)": [
        "Т03"
    ],
    "Санта Барбара (787)": [
        "Т04",
        "Т08"
    ],
    "Центр Довженка (790)": [
        "Т04",
        "Т08"
    ],
    "Київська (511)": [
        "Т04",
        "Т09"
    ],
    "Стадіон Україна (793)": [
        "Т04",
        "Т08"
    ],
    "Поліклініка № 4 (754)": [
        "Т04",
        "Т08"
    ],
    "Площа Франка (361)": [
        "Т04"
    ],
    "Угорська (797)": [
        "Т04",
        "Т08"
    ],
    "Шувар (795)": [
        "Т04",
        "Т08"
    ],
    "Вернадського (784)": [
        "Т04",
        "Т08"
    ],
    "Дитяча поліклініка (783)": [
        "Т04",
        "Т08"
    ],
    "Стрийський парк (37)": [
        "Т04",
        "Т08"
    ],
    "Санта Барбара (786)": [
        "Т04",
        "Т08"
    ],
    "Дитяча поліклініка (782)": [
        "Т04",
        "Т08"
    ],
    "Площа Лема (27)": [
        "Т04",
        "Т09"
    ],
    "Академія мистецтв (4)": [
        "Т04",
        "Т08"
    ],
    "Вернадського (785)": [
        "Т04",
        "Т08"
    ],
    "Коломийська (789)": [
        "Т04",
        "Т08"
    ],
    "Бандери (555)": [
        "Т04",
        "Т09"
    ],
    "Центр Довженка (791)": [
        "Т04",
        "Т08"
    ],
    "Площа Лема (505)": [
        "Т04",
        "Т09"
    ],
    "Угорська (796)": [
        "Т04",
        "Т08"
    ],
    "Стадіон Україна (792)": [
        "Т04",
        "Т08"
    ],
    "Шувар (794)": [
        "Т04",
        "Т08"
    ],
    "Академія мистецтв (73)": [
        "Т04",
        "Т08"
    ],
    "Поліклініка № 4 (753)": [
        "Т04",
        "Т08"
    ],
    "Київська (527)": [
        "Т04",
        "Т09"
    ],
    "Коломийська (788)": [
        "Т04",
        "Т08"
    ],
    "Під Дубом (45)": [
        "Т06",
        "Т09"
    ],
    "Під Дубом (23)": [
        "Т06",
        "Т09"
    ],
    "Площа Старий Ринок (2)": [
        "Т06",
        "Т09"
    ],
    "Трамвайне депо (673)": [
        "Т06"
    ],
    "Площа Старий Ринок (3)": [
        "Т06",
        "Т09"
    ],
    "Трамвайне депо (676)": [
        "Т06"
    ],
    "Липинського (678)": [
        "Т06"
    ],
    "Фабрика Світанок (674)": [
        "Т06"
    ],
    "Миколайчука (661-01)": [
        "Т06"
    ],
    "Миколайчука (661)": [
        "Т06"
    ],
    "Палац Хоткевича (642)": [
        "Т06",
        "Т09"
    ],
    "Фабрика Світанок (675)": [
        "Т06"
    ],
    "Промислова (671)": [
        "Т06"
    ],
    "Промислова (672)": [
        "Т06"
    ],
    "Єрошенка (682)": [
        "Т07"
    ],
    "Крупзавод (646)": [
        "Т07"
    ],
    "Ярослава Мудрого (77)": [
        "Т07"
    ],
    "Ярослава Мудрого (681)": [
        "Т07"
    ],
    "Підвальна (59)": [
        "Т07",
        "Т09"
    ],
    "Татарбунарська-висадка (703-1)": [
        "Т07"
    ],
    "Єрошенка (683)": [
        "Т07"
    ],
    "Театр ляльок (21)": [
        "Т07",
        "Т09"
    ],
    "Татарбунарська (703)": [
        "Т07"
    ],
    "Торф'яна (704-01)": [
        "Т09"
    ],
    "Гайдамацька (641)": [
        "Т09"
    ],
    "Торф’яна (704)": [
        "Т09"
    ],
    "Городницька (644)": [
        "Т09"
    ],
    "Гайдамацька (244)": [
        "Т09"
    ],
    "Городницька (645)": [
        "Т09"
    ],
    "Бандери (474)": [
        "Тр22",
        "Тр30"
    ],
    "Копистинського (493)": [
        "Тр22",
        "Тр30"
    ],
    "Університет (78-01)": [
        "Тр22",
        "Тр27",
        "Тр30",
        "Тр32"
    ],
    "Антоновича (477)": [
        "Тр22",
        "Тр30"
    ],
    "Смаль-Стоцького (492)": [
        "Тр22",
        "Тр30"
    ],
    "Тролейбусне депо": [
        "Тр22",
        "Тр23",
        "Тр24",
        "Тр25",
        "Тр27",
        "Тр30",
        "Тр31",
        "Тр32",
        "Тр33",
        "Тр38"
    ],
    "Бандери (49)": [
        "Тр22",
        "Тр30"
    ],
    "Підстригача (552)": [
        "Тр22"
    ],
    "Собор Святого Юра (70)": [
        "Тр22",
        "Тр27",
        "Тр30",
        "Тр32"
    ],
    "Залізняка (476)": [
        "Тр22",
        "Тр30"
    ],
    "Собор Святого Юра (781)": [
        "Тр22",
        "Тр30"
    ],
    "Університет (78)": [
        "Тр22",
        "Тр27",
        "Тр30",
        "Тр32"
    ],
    "Устияновича (48)": [
        "Тр22",
        "Тр27",
        "Тр30",
        "Тр32"
    ],
    "Мельника (475)": [
        "Тр22",
        "Тр30"
    ],
    "Автовокзал (433-01)": [
        "Тр22",
        "Тр23",
        "Тр25"
    ],
    "пл Липнева (491)": [
        "Тр22",
        "Тр30"
    ],
    "Боднарівка (509)": [
        "Тр23",
        "Тр38"
    ],
    "Рубчака (299)": [
        "Тр23",
        "Тр38"
    ],
    "Тролейбусне депо (569)": [
        "Тр23",
        "Тр38"
    ],
    "Шота Руставелі (291-1)": [
        "Тр24",
        "Тр25",
        "Тр31"
    ],
    "Шота Руставелі (22)": [
        "Тр25"
    ],
    "Станція Скнилів (85)": [
        "Тр27"
    ],
    "Станція Скнилів (85-01)": [
        "Тр27"
    ],
    "Кропивницького (79)": [
        "Тр27",
        "Тр32",
        "Тр38"
    ],
    "Курмановича (306)": [
        "Тр27"
    ],
    "Кропивницького (46)": [
        "Тр27",
        "Тр32",
        "Тр38"
    ],
    "Собор Святого Юра (771)": [
        "Тр27",
        "Тр32"
    ],
    "Тобілевича (510)": [
        "Тр27",
        "Тр32",
        "Тр38"
    ],
    "Авіаційна (86)": [
        "Тр27"
    ],
    "Окружна (554)": [
        "Тр30"
    ],
    "Стадіон Сільмаш (707)": [
        "Тр30"
    ],
    "Сихівський цвинтар (393)": [
        "Тр31"
    ],
    "Старий Сихів (381)": [
        "Тр31"
    ],
    "Сихівська (382)": [
        "Тр31"
    ],
    "Пульмонологічний центр (390-01)": [
        "Тр31"
    ],
    "Пульмонологічний центр (390)": [
        "Тр31"
    ],
    "Пасіки Зубрицькі (395)": [
        "Тр31"
    ],
    "Старий Сихів (388)": [
        "Тр31"
    ],
    "Пасіки Зубрицькі (391)": [
        "Тр31"
    ],
    "Станція Сихів (385)": [
        "Тр31"
    ],
    "Сихівська (386)": [
        "Тр31"
    ],
    "Пасіки Зубрицькі (396)": [
        "Тр31"
    ],
    "Станція Сихів (384)": [
        "Тр31"
    ],
    "Вулецька (387)": [
        "Тр31"
    ],
    "пл. І. Підкови (708-01)": [
        "Тр33"
    ],
    "Грінченка (639)": [
        "Тр33"
    ],
    "Грінченка (639-1)": [
        "Тр33"
    ],
    "Хуторівка (427)": [
        "Тр38"
    ],
    "Хуторівка (427-1)": [
        "Тр38"
    ]
}